NOMBRE_LIDER	TOTAL_REGISTROS
ABEL ISAAC	4
ABIGAIL OCHOA	20
ABIGAIL TENTLE	11
ABRAHAM GARCIA PEREZ	1
ADAN CATALAN	19
ADELA	17
ADRIANA ORTIZ	1
ADILENE MOYAO MORALES	1
ADILENE MOYAO MORALES	2
ADILENE MOYAO MORALES	1
ADOLFO SALGADO TORRES	12
ADOLFO SALGADO TORRES	5
ADRIAN CHAVEZ	5
ADRIAN SANCHEZ	2
ADRIANA DIAZ	6
ADRIANA GARCIA BAHENA	12
ADRIANA MALFABON	2
ADRIANA OLIVEROS	15
ADRIANA ORTEGA	25
ADRIANA ORTIZ	5
ADRIANA ORTIZ	2
ADRIANA PEREZ	6
ADRIANA ORTIZ	1
ALBERTO ESQUIVEL	1
ALBERTO ESQUIVEL	6
ALBERTO GARCIA SILVAR	1
BETO MILLAN	2
ALBERTO RUIZ	18
ALBERTO VILLENA	4
ALDAIR  SUAREZ	17
ALDAIR SUAREZ	11
ALDEBARAN SORIANO	5
ALEJANDRA GONZALEZ GONZALEZ	1
ALEJANDRA CONTRERAS	7
ALEJANDRA GONZALEZ GONZALEZ	1
ALEJANDRA HERNANDEZ PASTRANA	4
ALEJANDRINA NAVARRO	1
ALEJANDRO GOMEZ	5
ALEJANDRO MARTINEZ MOLINA	9
ALEJANDRO NUÑEZ	24
ALEJANDRO ROJAS	10
ALEXANDER VEGA	3
ALEXIA ORTEGA ROMAN	2
ALEXIS FLORES	12
ALEXIS GARCIA PEREZ	2
ALEXIS HERNANDEZ	2
ALFREDO CONTRERAS CASTILLO	20
ALFREDO CONTRERAS CASTILLO	7
ALFREDO ESPINOSA	2
ALFREDO GAMA MARTINEZ	1
ALFREDO JIMENEZ	15
ALFREDO SORIANO	1
ALIN PASTRANA	2
ALINA FLORES RODRIGUEZ	15
ALMA DANIELA OLIVEROS	7
ALMA DELIA MALMACEDA	1
ALMA GARCIA DIAZ	5
ALMA LILIA RAMIREZ	4
ALMA MANZANARES	7
ALMA ROSA  CUEVAS	4
ALMA ROSA CUEVAS	15
ALNALY FLORES	1
ALONDRA FLORES HERNANDEZ	6
ALONDRA FRORES HERNANDEZ	1
ALONDRA IVET FLORES	4
ALONDRA LAGUNA MARTINEZ	3
ALONDRA PAOLA VILLA	1
ALONDRA PAOLA VILLA	9
ALYN PASTRANA	1
AMADOR ESQUIVEL	31
AMADOR ESQUIVEL	5
AMALIA GERARDO	7
AMANDA JOSE REMIGIO	1
AMANDA JOSE REMIGIO	39
AMANDA JOSE REMIGIO	7
AMELIA SOTO ORTEGA	6
AMPARO HERNANDEZ	31
ANA BELLA HERRERA	2
ANA BELLA TRUJILLO	1
ANA BELTRAN RODRIGUEZ	11
ANA FERI	15
ANA GISELLE FLORES GUTIERREZ	1
ANA GISELLE FLORES GUTIERREZ	1
ANA GISELLE FLORES GUTIERREZ	2
ANA GISELLE FLORES GUTIERREZ	7
ANA HERNANDEZ	1
ANA LAURA RUIZ	9
ANA LILIA  PLACIDO FLORES	1
ANA LILIA  PLACIDO FLORES	5
ANA LILIA  PLACIDO FLORES	1
ANA LILIA RAMIREZ	2
ANA LUISA PALLARES	5
ANA MARIA ELOISA BAHENA	2
ANA MARIA ELOISA BAHENA	5
ANA MEDINA	1
ANA PALLARES	18
ANA VICTORIA	9
ANA VICTORIA HERNANDEZ	6
ANABEL AGUILAR BERNAL	15
ANABELLA HERRERA	10
ANALI FLORES	9
ANALIDEA NAYELY GONZALEZ	1
ANALINE FLORES	11
ANAMARIA ELISA	4
ANDREA GAITAN	11
ANDRES ARMANDO SARABIA	9
ANDRES GABRIEL MERCEDARIO	5
ANDRES GARCIA OLIVEROS	14
ANDRES GARCIA OLIVEROS	2
ANGEL GUILLERMO GARCIA GARCIA	3
ANGEL LAGUNAS	1
ANGELA ISIDRO BERNABE	3
ANGELES	1
ANGELES FRAGOSO	1
ANGELES REYNOSO FRAGOSO	17
ANGELES REYNOSO FRAGOSO	4
ANGELICA SALGADO	47
ANTONIA ORTIZ	15
ANTONIA SANDOVAL	16
ANTONIO CARRILLO	6
ANTONIO CASTANEDA ACOSTA	7
ANTONIO CASTANEDA ACOSTA	9
ANTONIO DIAZ ALARCON	2
ANTONIO DIAZ ALARCON	90
ANTONIO DIAZ ALARCON	1
ANTONIO MENDEZ	1
ANTONIO MENDOZA	17
ANTONIO ORTIZ	1
ANTONIO REYES SANCHEZ	14
ANTONIO TELLEZ	8
ANTONIO TRUJILLO	8
ARACELI HERNANDEZ	8
ARACELI LUNA SORIANO	3
ARACELI MENDOZA	15
ARACELI MENDOZA	1
ARACELY QUESADA OCAMPO	2
ARACELI SANCHEZ	1
ARACELI VALDEZ	8
ARACELY HERNANDEZ PEREZ	2
ARACELY HERNANDEZ PEREZ	1
ARACELY HERNANDEZ PEREZ	1
ARACELY QUESADA OCAMPO	6
ARACELY QUESADA OCAMPO	2
ARANZA GUIDO PORTILLO	15
ARELI DIAZ	7
ARELI DIAZ	1
ARIATNA YATZIRY	2
ARMANDO BRITO	13
ARMANDO GARCIA	22
ARMANDO ORTIZ	2
ARMANDO SARABIA ORTIZ	3
ARTURO ESQUIVEL GARCIA	26
ARTURO ESQUIVEL GARCIA	22
ARTURO NAVA	2
ARTURO PERES SANCHEZ	12
ARTURO RODRIGUEZ	4
ARTURO PERES SANCHEZ	1
ARUMI RAMIREZ	30
ASARI GARCIA RUIZ	15
ASARI GARCIA RUIZ	2
ASTRID MONSERRAT	13
ASTRID MONSERRAT	1
ASTRID MONSERRAT	2
AUDELIA BATALLA	7
AUREA BELTRAN	12
AURORA MIRANDA	1
AXEL ENRIQUE VIVANCO	1
AXEL ENRIQUE VIVANCO	4
AZARI GARCIA	1
AZUCENA  VARGAS	1
AZUCENA  VARGAS	32
BALBINA GARCIA OLGIN	8
BALBINO ABARCA	30
BARBARO RODRIGUEZ	2
BELINDA REZA	1
BENITO SALAS	15
BENJAMIN BUSTOS	10
BENJAMIN CORINA	2
BENJAMIN CORINA	6
BENJAMIN VAZQUEZ	1
BENJAMIN VAZQUEZ	4
BERENICE AGUILAR	7
BERENICE AGUILAR	1
BERNARDINO DIAZ ALARCON	2
BERNARDINO DIAZ ALARCON	1
BERTHA CORDOBA	12
BETO MILLAN	61
BLANCA	1
BLANCA ASUCENA DIAZ	3
BLANCA ESTELA CHAVEZ	8
BLANCA ESTELA CHAVEZ	16
BOCHO	83
BRAIAN FELICIANO	1
BRAIAN GARCIA	47
BRENDA LOPEZ	18
BRENDA NAYELI GONZALEZ	13
BRENDA NAYELI GONZALEZ	2
BRENDA NAYELI GONZALEZ	2
BRENDA SAMANTHA ORTIZ	4
BRENDA SANTILLAN	28
BULFRANO	28
CAMILA MARIA CEDILLO ARREDONDO	7
CAMILA MARIA CEDILLO ARREDONDO	1
CANDIDO SILVA	20
CARLOS CELIS	12
CARLOS HERNANDEZ	2
CARLOS JESUS MOCTEZUMA	10
CARLOS JIMENEZ	18
CARLOS ORLANDO VAZQUEZ  PEDRAZA	8
CARLOS ORLANDO VAZQUEZ  PEDRAZA	3
CARLOS ROJAS	1
CARLOS SORIANO	4
CARLOS VALENZUELA REYES	7
CARMELO HERNANDEZ	9
CARMEN CARRILLO FLORES	1
CARMEN FLORENTINO	2
CARMEN FLORES	24
CARMEN MARTINEZ URIOSTEGUI	1
CARMEN MOTA	6
CATA	1
CATALINA JUAREZ	14
CATIA AGUILAR	2
CATIA AGUILAR	1
CATY JUAREZ	2
CECILIA MARTINEZ	8
CELIA PALACIOS ESCOBAR	8
CELIA PALACIOS ESCOBAR	19
CELIA PALACIOS ESCOBAR	1
CHE	26
CHEMA RUIZ	11
CHRISTIAN MALDONADO	1
CINTHIA MARTINEZ	12
CINTHIA RESENDIZ REYNOSO	5
CINTHIA RESENDIZ REYNOSO	1
CINTHIA VAZQUEZ ALEMAN	14
CINTHYA MARTINEZ VAZQUEZ	2
CINTHYA RESENDIZ	6
CINTIA MAGALI VAZQUEZ	2
CITLALI CASTAÑEDA	2
CITLALI NAVARRETE	15
CLAUDIA CHAVANDO	20
CLAUDIA MENDOZA	11
CLAUDIA TINOCO	18
COCHAS	17
COMANDANTE FRANCISCO	2
CONCEPCION FLORES	10
CONRADO PERALTA	6
CONRADO PERALTA	1
CONSTANTINO  MARTINEZ	4
CONSTANTINO  MARTINEZ	14
COSME SORIANO	3
CRHISTIAN EDUARDO CARDOSO	4
CRISTAL BARRERA SALINAS	1
CRISTAL BARRERA SALINAS	2
CRHISTIAN EDUARDO CARDOSO	2
CRISTIAN ENRIQUE DEGANTE	1
CRISTIAN MALDONADO DELGADO	3
CRISTIAN VALLEJO	5
CRISTIAN VARGAS	11
CRISTINA BALDERAS	1
CRISTINA OCAMPO JARILLO	1
CRISTINA OCAMPO JARILLO	12
CRISTAL BARRERA SALINAS	2
CINTHIA VAZQUEZ ALEMAN	2
DAFNE CABRERA	1
DAFNE HERRERA	10
DALIA ALONDRA GARCIA	19
DALIA BELEN LOPEZ SANCHEZ	1
DALIA JIMENEZ RODRIGUEZ	8
DALIA MORALES	15
DALILA AVILA BARRIENTOS	16
DALILA AVILA BARRIENTOS	13
DANEIMY MARIEL	4
DANIA ANAHI CASTANEDA	10
DANIA ANAHI CASTANEDA	8
DANIEL ANTONIO  SANTACRUZ LEYVA	1
DANIEL ANTONIO  SANTACRUZ LEYVA	4
DANIEL CONTRERAS	1
DANIEL FRANCISCO MIRANDA RADILLA	9
DANIEL HERNANDEZ	1
DANIEL ROJAS ALEJANDRO	14
DANIELA OLIVEROS	10
DANIELA ROGEL	17
DANIELA YAZMIN	13
DANNA PAOLA  HERNANDEZ RUBI	12
DANNA PAOLA  HERNANDEZ RUBI	2
DANTE PEÑA	1
DANTE PEÑA	2
DANTE PEÑA	1
DANTE PEÑA	17
DANTE PEÑA	1
DARWING GUADARRAMA DELGADO	5
DAVID HERNANDEZ ORIOSTEGUI	14
DAVID HERNANDEZ ORIOSTEGUI	20
DAVID HERNANDEZ ORIOSTEGUI	7
DAVID NAU	28
DAVID SALINAS	7
DAVILA HERNANDEZ	1
DEISY CASTAÑEDA	1
DEISY CASTAÑEDA	1
DEMETRIO JAIMEZ	2
DEMETRIO SALGADO	2
DENISON MARTINEZ CASTILLO	17
DENISSE AVALOS	13
DENISSE TELLEZ	1
DERMETRIO SALGADO JAIMES	1
DEISY CASTAÑEDA	10
DIANA BALDERAS	16
DIANA DENIS TELLEZ	1
DIANA GIL	15
DIANA GIL	1
ANTONIO DIAZ ALARCON	1
DIEGO ALEXIS RESA HERNANDEZ	6
DINORA MARTINEZ	16
DIONICIO CRUZ	1
DIONICIO CRUZ	5
DOCTOR	3
DOMINGO CASTAÑEDA	2
DON BERNA	49
DON GERA	22
DON MIGUEL NIETO	14
DOÑA ELY	3
DOÑA MAGO	6
DORI JANET PEREZ	13
DULCE GARCIA	2
DULCE LILIA SANTOS	2
DULCE MARIA CRUZ REBOLLAR	3
DULCE MARIA CRUZ REBOLLAR	3
DULCE PAOLA GONZALEZ	11
DULCE Y GUILLERMO	2
EDGAR BECERRIL	15
EDGAR CLEMENT	2
EDGAR JUAREZ (CHORI DJ)	3
EDGAR MARA	15
EDGAR ORTEGA	2
EDIT VILLALVA PASCUAL	8
EDIT VILLALVA PASCUAL	2
EDIT VILLALVA PASCUAL	2
EDMI	11
EDUARDO AVILES	2
EDUARDO ESPINOZA	14
EDUARDO JUAREZ GARCIA	4
EDUARDO JUAREZ GARCIA	4
EDUARDO VEGA	15
EDWARD  ESQUIVEL	8
EDWARD  ESQUIVEL	4
EDWARD  ESQUIVEL	29
EDWIN AMADOR ESQUIVEL	1
EFRAIN GONZALES	1
EFREN CASTRO SIVERIO	15
EFREN CASTRO SIVERIO	10
EFREN CASTRO SIVERIO	2
ELENA FLORES	15
ELI	1
ELIANA TAPIA	4
ELIANA TAPIA	17
ELIUD ENRIQUE	3
ELIZABET SORIANO HERNANDEZ	10
ELIZABETH MIRANDA	8
ELVIA ADRIANA MALFABON	13
ELVIA IRAZOQUE OJEDA	18
ELVIRA BUENOSAIRES	14
EMA CRUZ	2
EMANUEL QUINTERO	1
EMELIA MARTINEZ	18
EMELIA MARTINEZ	2
EMILIO RODRIGUEZ	13
EMMA CRUZ	17
EMMANUEL CHIMBO	3
EMMANUEL FLORES  MARTINEZ	1
ENRIQUE CERVANTES	31
ENRIQUE MARTINEZ	8
ERICK MARTINEZ	16
ERICK RODRIGUEZ	17
ERIKA MORAS	19
ERNERSTO CRUZ JAIMES	1
ERNESTO ALONSO	17
ERNESTO CORONEL	13
ERNESTO CRUZ	16
ERNESTO CRUZ JAIMES	1
ESEQUIEL CERVANTEZ	1
ESMERALDA LARA ROMAN	2
ESTEBAN CHAVEZ	3
ESTEBAN GARCIA GONZALEZ	37
ESTEFANI GARCIA VENOSA	4
ESTELA BELTRAN MARIN	5
ESTELA BELTRAN MARIN	3
ESTELA BELTRAN MARIN	2
ESTRELLITA MARILU NUÑEZ NAJERA	2
PASCUALA EUSEBIA APOLINAR	1
EVELIN BERNABE MORALES	6
FABIOLA FLORES	7
FABIOLA NAJERA	9
FABIOLA NAJERA	8
FELICIANO BRIAN FLORES GONZALEZ	4
FELIPE DE JESUS  POPOCA SANTANA	3
FELIPE DE JESUS  POPOCA SANTANA	1
FELIPE DE JESUS  POPOCA SANTANA	1
FELIPE DE JESUS  POPOCA SANTANA	1
FELIPE DE JESUS  POPOCA SANTANA	5
FELIPE RODRIGUEZ	4
FELIPE SANTACRUZ GOMEZ	1
FELIPE SANTACRUZ GOMEZ	4
FELIPE SANTACRUZ HIJO	35
FELIPE SANTACRUZ PAPA	14
FELIX GARCIA	1
FELIX MARTINEZ	1
FELIX MARTINEZ	15
FER CASTRO SILVERIO	1
FERNANDA MONJE	5
FERNANDA VICENTE	19
FERNANDO MILLAN	22
FERNANDO OJEDA ENRIQUEZ	2
FERNANDO PANO	2
FERNANDO REYES	12
FERNANDO SANCHEZ	1
FERNANDO VELAZQUEZ	17
FERNANDO VILLASANA	10
FERRER	31
FILIBERTO TOVAR	4
FLORICELL SOTELO GUTIERREZ	22
FRAN ALBARRAN	12
FRANCISCO ALDEBARAN	6
FRANCISCO ALONSO LANDA	24
FRANCISCO CAMPOS	11
FRANCISCO FLORES	18
FRANCISCO JAVIER GONZALEZ	15
FRANCISCO SALGADO	1
FRANK ALBARRAN	19
FRANSISCO FLORES	3
FREDI SORIANO	16
GABRIEL HERNANDEZ BARRERA	4
GABRIEL HERNANDEZ BARRERA	1
GABRIEL RODRIGUEZ	12
GABRIEL VAQUEZ	3
GABRIEL VAQUEZ	5
GABRIELA FLOES	1
GABRIELA JUAREZ	10
GABRIELA MARTINEZ	5
GABRIELA MARTINEZ	2
GABY SANTOS	20
GENARO LEGIZAMO CARVAJAL	14
GEOBANNY CATALAN	9
GEOVANI GARCIA	10
GEOVANNI ALMANZA	12
GEOVANNI ROMAN	13
GEOVANNI TELLEZ GALVAN	1
GEOVANNY CABRERA	33
GERARDO LAGUNAS	7
GILBERTO TOSCANO	2
GILBERTO VARGAS MOLINA	16
GUILLEROMO CHAVEZ	1
GIOVANNI ALMANZA	5
GIOVANNI ROMAN	2
GISELA VELAZQUEZ	12
GRACIELA CRUZ DIAZ	18
GRACIELA ORTIZ	1
GRACIELA VELAZQUEZ	1
GRACIELA VELAZQUEZ	13
GRISELDA CABRERA	1
GRISELDA JAIMES	16
GRISELL ESMERALDA LARA  ROMAN	5
GRISELL ESMERALDA LARA  ROMAN	8
GRISELL ESMERALDA LARA  ROMAN	12
GUADALUPE BAHENA	6
GUADALUPE BARRANCO	11
GUADALUPE BENITEZ	12
GUADALUPE DE LA SOLEDAD	4
GUADALUPE DIAZ BOLAÑOS	11
GUADALUPE ESCALANTE	19
GUADALUPE FELIX CASTAÑEDA	15
GUADALUPE LUNA CISNEROS	4
GUADALUPE RODRIGUEZ VEGA	2
GUADALUPE SANTA CRUZ	11
GUADALUPE SANTA CRUZ	2
GUADALUPE SORIANO	16
GUADALUPE TAPIA	18
GUIDO PORTILLO ARANZA	2
GUILLERMO CHAVEZ MADRIGAL	12
GUILLERMO Y DULCE	1
GUILLERMO VARGAS	15
GUILLERMO Y DULCE	196
GISELA VELAZQUEZ	1
GUSTAVO GUTIERRES GONZALES	1
GUSTAVO GUTIERREZ GONZALEZ	2
GUSTAVO OCAMPO	18
GUSTAVO VILLEGAS	10
GUSTAVO GUTIERREZ GONZALEZ	1
ABRAHAM ALEXIS GARCIA PEREZ	2
HECTOR DANIEL CONTRERAS	2
HECTOR DANIEL CONTRERAS	2
HECTOR GEOVANNI GARCIA	2
HECTOR HURTADO	6
HECTOR MANUEL PINZON CASTILLO	3
HECTOR PINZON CASTILLO	2
HECTOR HURTADO	5
HERNADEZ CABELLO MITZI	2
HERNANDEZ BLANCA	2
HILARIA ROBLEDO	2
HILARIA ROBLEDO	11
HONORIA SANCHEZ	4
HUGO ALEJANDRO MORALEZ	8
HUGO CATALAN NAVARRETE	10
HUGO MORALES	4
HUGO SAMORA	11
HUGO SAMORA	1
ILDRA ALBARRAN	1
ILDRA ALBARRAN	9
INGRID GUADARRAMA	9
IRENE DE LOS SANTOS FLORES	4
IRENE DE LOS SANTOS FLORES	4
IRERI/	6
IRMA DELGADO PINEDA	4
IRMA DELGADO PINEDA	3
ISRAEL NAVA	2
ISA DIEGO	4
ISABEL DIAZ	147
ISABEL MIGUEL	31
ISABEL MIRANDA	1
ISABEL RESENDIZ	21
ISAIAS CAMPUZANO	17
ISAIAS RODRIGUEZ	22
ISMAEL DIAZ	3
ISRAEL NAVA	9
ISRAEL OCAMPO	22
ISRAEL OCAMPO	3
IVAN  MANUEL MANDUJANO CARAVAJAL	12
IVETTE AVILES	17
IVON ANGELES	7
IVON ANGELES	2
IVONNE DIRCIO	1
IZELA VELAZQUEZ GUERRERO	1
J CARMEN HERNANDEZ	2
J. JESUS HERNANDEZ AGUILAR	3
JAIME DORANTES	20
JAIME VILLA	14
JAIR OCHOA	5
JAIRO HERNANDEZ	9
JAIRO PAREDES	2
JANET ESMERALDA PEREZ	15
JANET RIVERA GARCIA	2
JANETH ALVAREZ SORIANO	35
JAVIER BOLAÑOS	1
JAVIER GUERRERO ARTEAGA	1
JAVIER GONZALEZ	2
JAVIER GUERRERO ARTEAGA	7
JAVIER GUERRERO ARTEAGA	1
JAZMIN CAMPOS	7
JENNYFER LEON MATEO	6
JENNYFER LEON MATEO	3
JEOVANI ALMANZA	2
JEOVANNY CASTEÑADA VILLAZANA	1
JESSICA FIGUEROA	5
JESSICA GEORGINA BAÑON	1
JESSICA IVETH FIGUEROA RODRIGUEZ	1
JESSICA IVETH FIGUEROA RODRIGUEZ	8
JESUS VEGA CASTAÑEDA	2
JESUS ALEJANDRO	1
JESUS ANGUEL CERQUEDA	5
JESUS ANTONIO SALGADO	5
JESUS BAÑON CAJIGAL	4
JESUS BAÑON CAJIGAL	1
JESUS BUSTOS	1
JESUS CASTAÑEDA	9
JESUS CASTAÑEDA	9
JESUS GODINEZ GARCIA	1
JESUS GONZALEZ	3
JESUS HERNANDEZ  AGUILAR	1
JESUS HERNANDEZ  AGUILAR	7
JESUS IVAN MARTINEZ GUZMAN	6
JESUS IVAN MARTINEZ GUZMAN	2
JESUS MARTINES GUZMAN	1
JESUS ORDUÑO	13
JESUS ORDUÑO	21
JESUS VEGA CASTAÑEDA	17
JHOANNA MENDOZA	4
JHOANNA MENDOZA	4
JIMENA HERNANDEZ LOPEZ	10
JOANA MENDOZA	4
JOAQUIN CATALAN HERNADEZ	1
JOEL BUSTOS	10
JOEL CONTRERAS MONDRAGON	19
JOEL FLORES TELLES	15
JOEL GOMEZ	2
JHOANNA MENDOZA	3
JONATAN JAIR FLORES HERNANDEZ	14
JONATHAN ISIDRO BERNABE	4
JONATHAN ISIDRO BERNABE	3
JONATHAN RODRIGUEZ VILLALOBOS	8
JONATHAN RODRIGUEZ VILLALOBOS	1
JONATHAN RODRIGUEZ VILLALOBOS	1
JOREGE OSDANI DE LA PAZ HERNANDEZ	1
JORGE AVILEZ	2
JORGE AVILEZ	1
JORGE BOLAÑOS	39
JORGE CARBAJAL	6
JORGE EDUARDO AVILE DIAZ	8
JORGE JESUS BAÑON	4
JORGE LARA	2
JORGE LUIS ALVARADO	2
JORGE NORBERTO	4
JORGE NUÑEZ	23
JORGE OCAMPO CASTAÑEDA	18
JORGE OCAMPO DOMINGUEZ	13
JORGE OSDANI DE LA PAZ	5
JORGE RANGEL	4
JORGE RANGEL MARTINEZ	4
JORGE VEGA	9
JORGE VILLA	1
JOSE ALFREADO LOPEZ	12
JOSE ALFREADO LOPEZ	3
JOSE ALFREADO LOPEZ	3
JOSE ANGEL LAGUNAS	20
JOSE ANTONIO CARVAJAL CORTEZ	1
JOSE AVILA PLIEGO	1
JOSE CRISTIAN VARGAS	1
JOSE DE LAGUNAS	1
JOSE DIAZ ALARCON	2
JOSE DIAZ ALARCON	1
JOSE EMANUEL MORALES	12
JOSE EMMANUEL PAREDES	2
JOSE GARCIA	3
JOSE GILES	4
JOSE GORGE NUÑES BOLAÑOS	4
JOSE GUADALUPE BOLAÑOS	1
JOSE GUADALUPE RODRIGUEZ	18
JOSE LUIS GILES	14
JOSE LUIS VALLE	10
JOSE MANUEL PINEDA MARTINEZ	2
JOSE MANUEL PINEDA MARTINEZ	14
JOSE MANUEL PINEDA MARTINEZ	1
JOSE MANUEL SALAS MORENO	10
JOSE MANUEL SANTIAGO RIVERA	3
JOSE MARIA DIAZ ALARCON	18
JOSE MARIA DIAZ ALARCON	2
JOSE MATEO OCAMPO	1
JOSE MIGUEL AMARO	6
JOSE NOE ROJAS GASPAR	4
JOSE NUÑEZ	1
JOSE NUÑEZ	13
JOSE PADILLA	2
JOSE SANTIAGO	2
JOSE TEODOLO PADILLA OLVERA	5
JOSE TEODOLO PADILLA OLVERA	2
JOSE URBANO	19
JOSEFA GARCIA GUZMAN	15
JOSEFA GARCIA GUZMAN	4
JOSEFINA ENRIQUEZ	11
JOSELIN HERNANDE ALMANZA	8
JOSELIN HERNANDE ALMANZA	6
JOSELYN BELTRAN	9
JOSIEL AMARO ESPINOSA	6
JOSIEL AMARO ESPINOSA	1
JOSELIN HERNANDE ALMANZA	5
JOSUE AVILA PLIEGO	15
JOSUE MARIACA	18
JOVA ANCELMO	3
JOVANNY CASTAÑEDA  VILLASANA	21
JOVITA MERAZ	12
JUAN ALFREDO MONDRAGON	6
JUAN CARLOS GUTIERREZ	28
JUAN CARLOS LINARES	4
JUAN CARLOS LINARES	2
JUAN CARLOS SORIANO	18
JUAN CARLOS VAZQUEZ	11
JUAN DIAZ	5
JUAN FRANCISCO	2
JUAN FRANCO	12
JUAN JOSE MATEO OCAMPO	9
JUAN JOSE SANTOS	11
JUAN MANUEL PERALTA	2
JUAN MEJIA NAJERA	25
JUAN TRUJILLO	16
JUAN VALLEJO	1
JUANCARLOS  DEMETRIO MONTERO RODRIGUEZ	15
JULIA MILLAN	54
JULIO CESAR	15
JULIO CESAR LAGUNAS	1
JULIO CESAR PEREZ	58
JULIO LAGUNAS	13
JULIO MARCIAL	12
JULIO MERAZ	16
JULIO CESAR PEREZ	23
JULIO SOSAYAS	3
JULIO TALAVERA	26
JULIO VILLANUEVA	14
KAREN ITZEL GARCIA OLIVAN	3
KAREN ITZEL GARCIA OLIVAN	5
KAREN ITZEL GARCIA OLIVAN	5
KAREN ORTIZ	15
KAREN YANELI SALGADO	15
KARINA JIMENEZ	8
KARLA GUADARRAMA	2
KARLA M SALGADO	1
KARLA.M SALGADO	4
KATALINA JUAREZ	5
KATIA AGUILAR	17
KATIA PINEDA	3
KEILA CRUZ	3
KEIRY MICHELLE	15
KEKI BAÑON	13
KENIA LIZET REBOLLAR	3
KENIA REBOLLAR	7
KENNETH JORDAN CARTEÑO	3
KAREN ITZEL GARCIA OLIVAN	1
KEVIN ARANDA	11
KEVIN PEDROZA	1
KEVIN PEDROZA	23
KEVIN VARGAS	11
KEYLA CRUZ	30
KIKE	21
KIKO	25
KRYSTAL SALINAS	1
LAISHA FERNANDA RUIZ	16
LAURA ASUSENA LOPEZ RIVERA	2
LAURA CAMACHO	6
LAURA ISABEL CAMACHO	13
LAZARO LORENZO	9
LEIDI LAURA CELIS	14
LENING	5
LEONARDO JAVIER LOPEZ	4
LEONARDO LOPEZ	20
LEONEL ORIHUELA	10
LESLIEE GAMBOA	8
LETICIA BUENOSAIRES	8
LETICIA DIAZ FLORES	3
LETICIA DIAZ FLORES	8
LETICIA NERIA	13
LETY BUENOSAIRES	2
LEYDI LAURA	4
LIC.OLIVIA	3
LIC.  ROBERTO VARGAS SANCHEZ	2
LIC.OLIVIA	2
LICINA DELGADO	1
LILI FIGUEROA	12
LILIA BRITO	1
LILIA BRITO ROBLES	5
LILIA DIRCIO FRANCO	21
LILIA DIRCIO FRANCO	1
LILIA LOPEZ LOPEZ	11
LINDA REZA	1
LISBETH VEGA  ROMAN	4
LISBETH VEGA  ROMAN	5
LISZULI MICHELL VARGAS	2
LITZY FLORES	26
LITZI CONTRERAS	1
LITZY FLORES	9
LITZY FLORES	5
LIZ GAONA	4
LIZ GAONA	15
LIZETH CHAVEZ	14
LIZETH RIVERA	19
LIZ GAONA	4
LIZ GAONA	20
LOEONARDO JAVIER LOPEZ EGUIA	1
LORENA DELGADO	20
LORENA DELGADO	1
LORENA PERALTA	10
LORENA SORIANO	17
LORENSO GOMEZ	4
LORENSO GOMEZ	1
LUCANO	4
LUCANO	3
LUCERO BOLAÑOS	16
LUCERO SANTA CRUZ	1
LUCERO SANTA CRUZ	3
LUCERO SANTA CRUZ	7
LUCIA POPOCA	16
LUCINA DELGADO	10
LUCINA GOMEZ	7
LUCIA POPOCA	1
LUCIA POPOCA	1
LUGARDO VARGAS	15
LUIS AGÜERO	5
LUIS ANGEL LAGUNAS	1
LUIS ANSURES AVILA	5
LUIS ANSURES AVILA	4
LUIS ANTONIO CARVAJAL CORTEZ	4
LUIS DAVID MARIAS AGUILAR	9
LUIS FELIPE BRAVO	7
LUIS IVAN CARBAJAL	1
LUIS IVAN RIVERA	6
LUIS JAFET	15
LUIS REYES	11
LUIS RODRIGUEZ PEDROZA	5
LUIS SORIANO	21
LUTICIA NERIA	1
LUZ ADRIANA BACILIO DIAZ	1
LUZ ARIADNA FELIX	15
LUZ ARIADNA FELIX	2
LUZ MARIA SUAREZ	5
MA. CARMEN FLORENTINO	2
MA. CARMEN FLORENTINO	1
MA. CARMEN FLORENTINO	1
MA. CARMEN FLORENTINO	2
MA. CARMEN FLORENTINO	1
MA. CARMEN FLORENTINO	1
MA. CARMEN FLORENTINO	50
MA. CARMEN FLORENTINO	61
MA. CARMEN FLORENTINO	2
MAESTRA GABY	1
MAESTRA GABY	20
MAESTRA SUSANA	16
MAESTRA SUSANA	4
MAGALI VELAZCO MARTINEZ	15
MAGALI VELAZCO MARTINEZ	2
MAGNOLIA  POZOS	2
MAGNOLIA  POZOS	3
MAGNOLIA  POZOS	3
MANOLO	1
MANUEL GARCIA MENDEZ	1
MANUEL JARILLO	4
MANUEL MARTINEZ	3
MANUEL NAVA	14
MANUEL PERALTA	1
MANUEL QUINTERO	20
MARCELA PEDROZA	19
MARCELINO RAMIREZ	2
MARCELINO DIAZ	1
MARCELINO RAMIREZ	3
MARCOANTONIO GARCIA NAJERA	1
MARCO ANTONIO AVILES HERNANDEZ	1
MARCO ANTONIO AVILES HERNANDEZ	9
MARCOANTONIO GARCIA NAJERA	4
MARCOANTONIO GARCIA NAJERA	3
MARCOANTONIO GARCIA NAJERA	1
MARCOS ALEJANDRO RIVAS CRUZ	12
MARCOS ALEJANDRO RIVAS CRUZ	6
MARGARITA MARTINEZ AVALOS	1
MARGARITA MARTINEZ AVALOS	11
MARGARITA VILLA HERNANDEZ	2
MARGARITA VILLA HERNANDEZ	2
MARI CRUZ MARIN MERLOS	9
MARI REYES	22
MARIA  DOLORES GARCIA	2
MARIA  FERNANDA ARMENDARIZ	1
MARIA ALEJANDRA GONZALEZ	3
MARIA ALEJANDRINA AVILA	6
MARIA ANGELES FRAGOSO	2
MARIA CELI LUNA SORIANO	5
MARIA CELIA PALACIOS ESCOBAR	2
MARIA CELIA PALACIOS ESCOBAR	1
MARIA DE JESUS GONZALEZ GUTIERRES	8
MARIA DE JESUS GONZALEZ GUTIERRES	1
MARIA DE LOS ANGELES REYNOSO	1
MARIA DEL CARMEN FLORENTINO	3
MARIA DEL CARMEN MOTA	5
MARIA DOLORES GARCIA	12
MARIA ELENA ACASO	3
MARIA FERNANDA FIGUEROA	12
MARIA FLORES	11
MARIA GUADALUPE	6
MARIA GUADALUPE BERNABE	7
MARIA GUADALUPE CABRERA	2
MARIA GUADALUPE DE LA SOLEDAD	2
MARIA GUADALUPE DIAZ BOLAÑOS	3
MARIA GUADALUPE VEGA	1
MARIA ISABEL FLORES MARTINEZ	2
MARIA ISABEL FLORES MARTINEZ	1
MARIA RODRIGUEZ ROMAN	10
MARIA VICTORIA TALAVERA	23
MARIAELENA ACACIO ORTEGA	1
MARIANA CHAVEZ	2
MARIANA HERNANDEZ BLANCAS	16
MARIBEL	28
MARIBEL ISIDRO BERNABE	2
MARIBEL JAHEN RESENDIZ	3
MARICELA FLORES	9
MARICRUZ MARIN	3
MARICRUZ MERLOS	9
MARIELA	7
MARIELA ACACIO	4
MARIELA GUTIERREZ	7
MARIELA ISIDRO	11
MARIELANA FLORES	1
MARIELI SANCHEZ	13
MARIELI SANCHEZ	2
MARINA BERNAL	6
MARINA FLORES	14
MARIO ALBERTO GARCIA	19
MARIO ALEJANDRO	2
MARIO CASTAÑEDA	2
MARIO CASTAÑEDA	17
MARIO PALLARES	15
MARIO VARGAS	27
MARISOL AGUILAR	1
MARISOL GALICIA	8
MARISOL SORIANO	15
MARITZA MANRIQUE	16
MARIVEL GAEL REZENDIZ	1
MARIVEL OLIVEROS	31
MARIVEL RODRIGUEZ	1
MARISOL AGUILAR	2
MARLEN ABARCA	4
MARLEN ABARCA	1
MARTHA GERMAN URIESTOGUI	13
MARTHA GERMAN URIESTOGUI	1
MARTHA JULIA HERNANDEZ	9
MARTHA LILIA JAIMES	15
MARTHA LILIA JAIMES	3
MARTHA LIZET GAONA	1
MARTHE JULIA HERNANDEZ NOGUEZ	3
MARTIN CHAVEZ DELGADO	9
MARTIN CHAVEZ DELGADO	3
MARTINA MILLAN	5
MARVIN JIMENEZ	16
MAURICIO CASPETA MARTINEZ	21
MAURICIO TORRES MORALES	11
MAX PRIMO ROSAS	3
MAYARI GOMEZ	6
MAYUMI CITLALI PEREZ RIOS	1
MAYUMI PEREZ RIOS	10
MEAESTRA CARMEN	1
MEDICO	1
MEDICO	12
MERCEDEZ GARCIA	17
MERCEDES ORTIZ GONZALEZ	2
MERCEDES ORTIZ GONZALEZ	3
MERCEDEZ GARCIA	1
MICHEL CARDENAS	11
MICHELL VARGAS HERNANDEZ	1
MIGUEL ALBA	2
MIGUEL ALBA	1
MIGUEL AMARO	2
MIGUEL ANGEL GONZALEZ AGUILAR	2
MIGUEL ANGEL JUAREZ	2
MIGUEL ANGEL LOPEZ	12
MIGUEL ANGEL VILLALBA GREGORIO	8
MIGUEL CONTRERAS CASTILLO	4
MIGUEL CONTRERAS CASTILLO	9
MIGUEL RIVERA	9
MIGUEL ROMAN CASTAÑEDA	1
MIGUEL SOTELO	19
MILTON JARED ROMAN TRINIDAD	2
MILTON JARED ROMAN TRINIDAD	5
MILTON JARED ROMAN TRINIDAD	3
MIRELLA CARDOZO	15
MIRNA CERVANTES	9
MIRNA CETINA	4
MIRNA GONZALEZ	1
MIRNA CERVANTES	3
MIRNA CETINA	13
MITZI YARAI	7
MITZY VAZQUEZ	3
MITZY VAZQUEZ	8
MOISES ERAZO	13
MONSERRAT ESQUIVEL	23
MONSERRAT PEREZ MILLAN	12
NACHO TARASCO	25
NADIA Y TOTO RUIZ	21
NAHOMI NAVARRETE	22
NAHU FLORES	5
NAHU FLORES	14
NALLELY CRUZ	4
NANCI SUGEY VAZQUEZ	9
NANCY BERTA ESQUIVEL MARTINEZ	4
NANCY BERTHA	6
NASHIELY	6
NATALIA MEDINA	13
NATIVIDAD GONZALEZ	1
NATIVIDAD GONZALEZ	15
NAHU FLORES	13
NAHU FLORES	56
NAYDELIN CECILIA	7
NAYDELIN EUSEBIO	9
NAYELI CRUZ	17
NENE	16
NENE	1
NOE MARTINEZ	16
NOE ROJAS	3
NORMA	1
NORMA FLORES	46
NORMA TAPIA	27
NUEVA IMAGEN	10
OFELIA MAIRANI PANES BERNAL	5
OLAF AMARO ZOTO	10
OLGA ESTRADA	4
OLGA MORENO	16
OLGA SEVILLANO	20
OLIVER ORTUÑO	12
OLIVER VELAZQUEZ	24
OLIVIA CARRETO	17
OLIVIA RIVERA	8
OMAR FRANCO	22
ONORIA ZANCHEZ	6
ORLANDO MARTINEZ CORONEL	13
OSCAR ADAME	5
OSCAR ALVAREZ	1
OSCAR CATALAN	20
OSCAR CERVANTES	1
OSCAR CERVANTES SOLANO	4
OSCAR DANIEL	15
OSIEL NAVARRETE	7
OSIRIS PALMA	10
OSO	8
OVA	7
PAMELA HERNANDEZ LOPEZ	8
PAOLA DOMINGUEZ	12
PAOLA LUGO FUENTES	3
PASCUALA USEBIO APOLINAR	1
PASCUALA USEBIO APOLINAR	65
PASCUALA USEBIO APOLINAR	15
PATRICIA CRUZ	18
PATRICIA GONZALEZ	9
PATRICIA REYES	13
PAULINO CRUZ	7
PEDRO BARON	16
PEDRO MOLINA SORIANO	13
PEDRO VEGA	19
PENDIOENTE DE ASIGNAR	1
PEDRO VEGA	1
POPEYE	14
PROF. BERNA	3
PROF. BERNA	1
PUMBA	14
RAIMUNDO DIAZ ADELAIDO	3
RAIMUNDO OCAMPO	4
RAMON BIRTO	12
RAMON RODRIGUEZ MARTINEZ	8
RAMON RODRIGUEZ MARTINEZ	7
RAMON RODRIGUEZ MARTINEZ	5
RAMON SANCHEZ BUSTOS	15
RAUL MANZANARES	6
RAUL MARIACA	1
RAUL SORIANO	15
RAYMUNDO DIAZ ADELAIDO	1
RAYMUNDO DIAZ ADELAIDO	10
RAYMUNDO HERNANDEZ  BELTRAN	14
RAYMUNDO HERNANDEZ  BELTRAN	4
RAYMUNDO HERNANDEZ  BELTRAN	9
RAYMUNDO OCAMPO NAVA	7
REBECA MONROY	19
REBECA MONROY	2
RAYMUNDO HERNANDEZ  BELTRAN	1
REYNA AGUILAR	6
REYNA DE OBRAS	2
REYNA LOPEZ	20
REYNALDO ELOISA	22
REYNA DE OBRAS	1
RICARDO CABRERA	23
RICARDO CATALAN	1
RICARDO GELATINAS	1
RICARDO MIRANDA	31
RICARDO OLASCOAGA	5
RICARDO RAMIREZ	9
RICARDO VALENTIN NAVARRO	13
RICARDO VILLEGAS	8
RIGO CORONA	2
ROBERTO CARLOS JAIMES	1
ROBERTO CASTREJON	1
ROBERTO FELIX	2
ROBERTO GARCIA JARILLO	2
ROBERTO GARCIA JARILLO	16
ROBERTO GUTIERREZ	10
ROBERTO JAIMES	8
ROBERTO JAIMES	1
ROBERTO RAMON	9
ROBERTO VARGAS	9
ROCIO NAVARRETE	20
RODOLFO BALDEZ GARCIA	1
RODOLFO BALDEZ GARCIA	3
RODOLFO BALDEZ GARCIA	4
RODRIGO GARCIA MENDEZ	1
RODRIGO GARCIA MENDEZ	1
RODRIGO GARCIA MENDEZ	1
RODRIGO GARCIA MENDEZ	6
ROGELIO EUSEBIO OCAMPO	3
ROGELIO FELIX CASTAÑEDA	19
ROGELIO FELIX CASTAÑEDA	3
ROGELIO ROMERO NENTE	1
ROMAN SEBILLANO	1
ROMERO NENTE ROGELIO	1
ROMUALDA MORALES	7
ROSA  TRUJILLO	4
ROSA ISELA GALVAN OCAMPO	13
ROSA SALASAR	1
ROSA SALAZAR	18
ROSA TRUJILLO	9
ROSAISELA TRUJILLO	2
ROSALIA HERNANDEZ	1
ROSALIA JIMENEZ RAMIREZ	12
ROSALINDA ABARCA	10
ROSALINDA GARCIA	21
ROSARIO OCAMPO	16
ROSI ABARCA	4
RUTH	13
RUTH MAGALI VELAZCO	1
RUTH MAGALI VELAZCO	3
RUTH MAGALI VELAZCO	10
SALMA	21
SALVADOR RIOS	27
SAMANTHA MARTINEZ	18
SAN CARAJO	13
SANDIBEL MENDEZ	4
SANDRA  VELAZCO	2
SANDRA GOMEZ	14
SANDRA GONZALEZ	1
SANDRA PINZON	13
SANDRA VELAZCO	9
SANDRA VELAZQUEZ	1
SANDYBEL MENDEZ FIGUEROA	7
SANTA CRUZ LEIVA	1
SANTACRUZ HIJO	3
SANTACRUZ PAPA	2
SANTOS DELGADO	16
SANTOS NIETO JOSE MARTIN	1
SARAHI RUIZ	29
SELENE SARABIA	13
SELIA PALACIOS ESCOBAR	8
SERGIO GARCIA OJEDA	28
SHADDAI LOPEZ JACOBO	3
SHADDAI LOPEZ JACOBO	5
SHERLYN URIOSTEGUI	1
SHERLYN URIOSTEGUI	6
SHERLYN URIOSTEGUI	2
SILVIA VAZQUEZ ALEMAN	1
SINARA JOHANA DAVILA	11
SINTHYA HERNANDEZ	1
SIXTO MORALES GARCIA	7
SIXTO MORALES GARCIA	3
SOLEDAD RODRIGUEZ	15
SOLEDAD RODRIGUEZ	1
SRA VERO	3
STEPHANY GARCIA	9
SURY SADAI BELTRAN	3
SUSANA ABARCA	5
SUSANA BUSTOS	6
SUSANA DELGADO SEGOVIA	2
SUSANA ISIDRO	26
SUSANA SALGADO SEGOVIA	1
SUSANA SALGADO SEGOVIA	5
TANDIADOR FONTANERO	4
TANIA  GARCIA	1
TERE DOMINGUES MILLAN	15
TERESA ESTRADA	13
TERESA MENDOZA	18
TONA DELGADO	4
TOTO RUIZ	43
ULICES AVILES	23
VALENTIN MARTINES GALARCE	1
VALENTIN MARTINES GALARCE	8
VALENTIN MARTINES GALARCE	9
VALERIA CRUZ	6
VALERIA GALAN GARCIA	10
VALERIA GALAN GARCIA	1
VANIA ALBARRAN	14
VENECIA ARELLANO	16
VENJAMIN CORONA	1
VERONICA MONROY	2
VERONICA CASTAÑEDA	16
VERONICA MONROY	15
VERONICA VAZQUEZ	4
VERONICA VELAZQUEZ	4
VIANEY	7
VICKY URIOSTEGUI	2
VICTOR ESQUIVEL DIAZ	6
VICTOR ESQUIVEL DIAZ	3
HUGO SAMORA	4
VICTOR MERCADO RODRIGUEZ	6
VIKY  URIOSTEGUI	4
VIKY  URIOSTEGUI	3
VIOLETA SAN JUAN RODRIGUEZ	6
VIOLETA SAN JUAN RODRIGUEZ	4
VIRGINIA HERNANDEZ	1
VIVIANA SALGADO	2
WALFRED FLORES	10
WALFRED FLORES	1
WICHO TAPIA	6
WILBER ROMERO	19
WULFRANO	2
WULFRANO	2
XIMENA MONSERRAT	24
XOCHIL ARELLANO ALANIS	16
YADIRA	1
YAIR OCHOA	4
YANET RIVERA GARCIA	4
YARELI MORA OLMEDO	14
YARELI MORA OLMEDO	1
YECENIA SOLANO	19
YEIMI ROMERO	14
YESICA GEROGINA BAÑON CAMPOS	1
YOLANDA GARCIA	12
YOLANDA MILLAN LOPEZ	28
YONATAN ISIDRO	5
YUCARI	8
YULI GALLARDO RAMIREZ	12
YULIANA CECILIA	1
YURELI FIGUEROA	14
YUSELI SILVA	10
ZURI SADAY BELTRAN	7
